energy_0,energy_1,energy_2,energy_3,energy_4,low_freq_0,mid_freq_1,high_freq_2,envelope_smoothness,spectral_flux,waveform_complexity,segment_id,is_precursor
8.42189243583875,9.041202119436957,10.142198781532876,8.816496796219925,10.349252654931762,0.701017190172272,0.46050378035034295,0.45133445021394697,0.33365867014222794,0.6678806686456176,0.5521013952924384,1,0.0
1.0503205724944253,1.347156062076683,0.9065040678203586,2.2168380590771815,2.2127142352700995,0.7397805451750471,0.5575338864115584,0.4481515792841583,0.32460159641760333,0.44455836572378643,0.8293211005699324,2,0.0
9.451669516071538,10.897596225212006,20.812693343178164,19.982373366761678,24.839064503715587,0.9291761442533546,0.5727080020450954,-0.026451497939611657,0.6024498948865487,0.8040099558807828,0.36275138784946453,3,1.0
3.1531683801342782,3.331608953840598,3.449121947276797,3.473664515724249,2.9673483861080503,0.657501462662335,0.5443273298006406,0.20648331701567146,0.2713876409957052,0.38662501275475475,0.6612232686791105,4,0.0
5.229691200491281,6.745325585618745,9.761027646127314,11.991992206785378,14.543640713707783,1.0092498538085353,0.6271071649674262,-0.02748867638223626,0.5255433844572049,0.6664835635205307,0.2664947904573104,5,1.0
0.6093039518606911,0.7627224625568205,1.1302893009288448,1.4215086517106645,1.4815398052689241,0.97159524176839,0.4292883995367721,0.0806457725564969,0.3283458111813547,0.41989831469507405,0.29098321507910324,6,1.0
2.504426304212095,2.971908542492226,3.5554562667475014,3.086790132673251,3.5888871700700355,0.8027694593501478,0.39566651569496636,0.23504817890961682,0.25846831178647767,0.5192108825582961,0.6647325611462225,7,0.0
2.7663786451941252,4.659213641578987,6.496127981009497,6.116133652263511,9.925866940201573,0.9320227185499346,0.3937033343975005,0.24105616152269435,0.5855736431175225,0.8619521807083564,0.5044561275785371,8,1.0
0.4674410062427812,0.8930026197071753,0.8468244853156451,0.3961604403566326,0.4036851080486942,0.6093430118222866,0.4855531584700207,0.24800667655074596,0.1660838264463518,0.2573706571799968,0.5610283109806595,9,0.0
0.45806576838005875,0.6205871866748922,0.6493860776066231,0.8273421735761158,1.1046736558976573,1.0709386066557702,0.4052953342159471,0.1507929929051354,0.5159743367050745,0.6731717317737539,0.2151364308369479,10,1.0
8.705848779098796,14.932715183064301,18.29335601568881,24.58360672544664,27.87767187411843,0.8737443766432573,0.5147540911865328,0.2181764683199763,0.43224829281162025,0.6529388083968564,0.38324426605987744,11,1.0
7.1729708064204125,5.827721779341227,5.735944592494899,6.204334281565868,8.577491976615875,0.7364067028568414,0.5076988419724894,0.12906903547921889,0.2889013028228265,0.46302299409794295,0.6189405900779561,12,0.0
0.09631803856047738,0.16271737776939474,0.16260558230560554,0.27626119947684236,0.3618369387735141,0.9635381358822268,0.6018573303186041,0.1161406847036136,0.4382322511238403,0.6183454627736358,0.4098818038928824,13,1.0
1.034609310926729,2.715911057787856,2.5906796342133864,2.525755956760634,3.7183749546627562,0.9357421716217618,0.529114430823604,0.14964433741826272,0.37528043957065693,0.8397011384774503,0.3436610335038994,14,1.0
1.7988409809813077,2.699301306088148,3.0456270468621347,3.9974110948536286,3.9276845620370393,0.9915417021230273,0.45838481441385515,0.17975980113686557,0.5386003314959801,0.7106986474186733,0.38471158807390615,15,1.0
2.943349714555892,3.9659546999634503,6.401448946902039,9.036303065822008,10.365480896506556,1.0073377922316498,0.5410849204432683,0.20769539902255452,0.4950403237975254,0.31758654166229533,0.3250223155715894,16,1.0
1.6948114297946733,1.1736570666571287,1.1912725229953065,1.503248092378487,1.2700876784381785,0.6775166496952751,0.3969805980102059,0.45006497897330416,0.3612629119687199,0.4664080412788965,0.48881617762631396,17,0.0
1.2840012781584753,0.8909130624194432,0.9178140916012095,1.1040881093595067,0.9394321725365476,0.8625467341955647,0.49618593119756826,0.39083361610810946,0.3794437907998861,0.5494526481386177,0.6755668520646805,18,0.0
0.3175106640078054,0.32894497494005304,0.4670049875373827,0.3070732668252996,0.5394788649792334,0.6733096445838734,0.5319401233595581,0.2230689975508065,0.4225258737089015,0.22719075096025923,0.609779831340271,19,0.0
2.409783142558556,3.1403981699282735,2.4433256566424184,2.284059037778089,2.933443966548295,0.7336749048880787,0.5129317598150127,0.2738670940548532,0.31334867454426646,0.4613090402461862,0.584931644137767,20,0.0
3.5292658354983812,4.229574199710203,5.793593171081752,7.760590527926792,9.237844008348267,0.8612321816395767,0.5415065094935985,0.16705608629078764,0.6268621024603208,0.9744939504631314,0.3492852257227838,21,1.0
0.14873495637422723,0.21153874006015644,0.30225554602326815,0.368999029936546,0.459048824249712,0.8326526477349209,0.43559539842872086,0.14858474834792562,0.4024225492609046,0.7168099562767357,0.381982644346492,22,1.0
9.39110061902597,13.022087419509813,10.565607110531957,14.573496024363568,10.678711946668361,0.8044191088790865,0.6152031402809516,0.32725158258209097,0.39089598292281313,0.5712443296494234,0.6160316428786996,23,0.0
2.537536475317075,3.1802640341180575,2.9284388974341113,4.249766491390621,1.9685808190014393,1.0121896897426044,0.6822168949395707,0.11402204470290916,0.3459390416327853,0.333676754464522,0.7728681575814307,24,0.0
0.7004512179998517,1.18293981361304,1.2915110389293682,1.5886638926524614,1.9368013462577132,0.8638240111679683,0.33973238551414053,0.28807143880064834,0.5233092652514787,0.6973053567314266,0.4654536849827144,25,1.0
0.33397974264968366,0.6259292852824245,0.46038823076352603,0.4487158515618339,0.283495271438991,0.8215321574678078,0.37844020040457516,0.4693550790715355,0.3444732234163117,0.3693068068110482,0.5333690878050914,26,0.0
0.3601101629820458,0.9052899998938854,1.0403673216358493,1.379989813299125,1.6196557149355875,0.8674088687299805,0.5043083008024386,0.1730159459328183,0.4039261121664538,0.6419319360478665,0.33442362572943085,27,1.0
10.908096497676787,20.264516418264115,18.955027805343796,12.099592219387034,3.9051442611410914,0.6989515023143995,0.4743449019447126,0.2710635574882171,0.1803253190074977,0.3778416932375386,0.5188318899675404,28,0.0
4.721751408738489,5.3266078788867155,4.507004096259733,4.859037514341936,4.241665964913448,0.8757583772231672,0.6896412405772783,0.3157044247208671,0.47098281860769986,0.15539773286135242,0.5799479468747025,29,0.0
2.152839780855551,2.749796517707763,3.9814774562549697,4.988775338192068,4.662838516876915,0.7926464714924693,0.5219784323424461,0.30193859769602105,0.48312778218027297,0.6503679798425055,0.3187548549759115,30,1.0
4.527019256668996,4.683817871098332,8.10401429687661,5.511235100550491,6.2214710803530116,0.5661840931376877,0.6392545253725957,0.26757062831827577,0.2817006578193299,0.6006709683140178,0.6474823744989625,31,0.0
0.8923112288543927,2.1864229080146793,3.140457235070145,3.8223319412671386,4.469239241862321,0.891280135123685,0.29508761135464,0.29339451661017363,0.3897690525758708,0.555446491472225,0.13564837442019467,32,1.0
6.564418626974756,6.628017549947347,4.33009832914599,5.368165882744489,6.849810986351408,0.7663656027937674,0.5814169483332352,0.3488494672453243,0.1518221694503163,0.24008000927900344,0.6535168309274744,33,0.0
0.10472747699638556,0.2001847633189768,0.2558715075725416,0.3390024504762974,0.3901162984053407,0.9463666571680881,0.4284483180741679,0.43616114440046905,0.4911681121187718,0.7091818557092132,0.427537748780543,34,1.0
4.363699461096948,4.79839387383239,5.013038189302564,3.750375571454972,3.89905807465031,0.7360679175692996,0.42684574303803424,0.2671337984837704,0.2658412078491272,0.4166774715035867,0.726274248314764,35,0.0
0.423495255191943,0.6067150599742683,0.9514431242888624,1.0254638506226075,1.4036820515974844,0.9034131981511577,0.4751641973587876,0.0023999552279166114,0.5001734356742451,0.7566197078580978,0.4876789554553953,36,1.0
0.29656117783837715,0.5103150575394483,0.6507547183155612,0.7376553489093507,0.9588805195120829,0.9786540026983919,0.3575416360268908,0.05670608793144857,0.5087153940382175,0.6829392140223042,0.33163022147459464,37,1.0
2.231423041052906,2.0649394652888553,1.5300926665080685,2.8036601122315843,2.1285280474908292,0.40863275579550273,0.5442785525321853,0.3011928237400157,0.5489461081260694,0.41077962466875007,0.6764298080938507,38,0.0
0.20248252805126413,0.4391176969257579,0.5111722772261701,0.5440282346909651,0.6718852305670845,0.8249194694912259,0.5190714966716795,0.3027882094020752,0.4661420019261045,0.6473672839556501,0.3831932522785699,39,1.0
0.23622693536509776,0.38553497489255584,0.5252404294740501,0.6650391265178011,0.7683484405312292,0.8906387590716551,0.526619224818727,0.13474908595792762,0.6579940107943447,0.5086305767050053,0.20656932425557295,40,1.0
2.3680601373739303,1.9128785924090614,1.582138151577618,1.8643200256989518,1.8398326282715654,0.7704534799102509,0.5887031022132906,0.276906755012467,0.46420242150449453,0.3892912197534024,0.6158831939728892,41,0.0
4.707760446080702,13.488162015196009,20.050008147518678,23.474383730824652,27.90265023792591,1.0489765140068565,0.6514782046194154,0.26848427373315753,0.5753624285271984,0.8086895494663695,0.33757465794293046,42,1.0
0.5697747925330279,0.6345538014483836,1.0324520672014887,1.0763687661826953,1.7118914635037128,0.8114900291832858,0.4636288950912453,0.10347673991215421,0.47648736674508885,0.7772581939528501,0.40002215163969995,43,1.0
0.04140838575474946,0.06211485491417776,0.09644357075437135,0.104563973204892,0.14241789541321412,1.0457078625536567,0.5477350639736474,0.1388730600805182,0.36385276638672703,0.4383636809591069,0.5651449830275244,44,1.0
3.8708617535878873,5.319307853250638,7.044026779434269,9.87792374865644,10.975347784658956,0.8547438330798636,0.5292988208334979,0.0832273312389739,0.5477943877333906,0.7377888044963624,0.42247869027321583,45,1.0
8.934052597376915,9.112810891577134,8.441700228570516,9.07806077328762,8.028475085507683,0.6870090217019313,0.5377614506328939,0.4178228092882562,0.4018812079700944,0.26608457112142464,0.4982665148810004,46,0.0
1.0521962390883728,1.3562997418547926,2.1888577231001456,2.291458564877533,3.248622351284856,0.9581432518797612,0.5392597664465983,0.3541672811796367,0.6747687464282984,0.9088246007832073,0.49644150056162034,47,1.0
1.4745220251569369,2.460331522637089,2.796699700123027,3.2433229100530516,4.576968483247806,0.8796763920693226,0.6590503344564839,0.04205850105069395,0.4050042045753218,0.748940467439257,0.43625425701364384,48,1.0
2.07426619636534,3.000350508347284,5.6487532593011816,7.397338331675398,7.45074679814739,1.0110117606666318,0.4540323131510706,0.18578145010117766,0.47564736108147326,0.834442594019591,0.28648381709680915,49,1.0
0.12126441543499229,0.17711597943040924,0.2300346272752326,0.3241711224583929,0.394266874491327,0.8595395854886856,0.3474264096796318,0.3407258975064945,0.4056135409577153,0.7031752216622289,0.23937622325253435,50,1.0
6.153278313093195,11.237142645941393,16.80713395508526,19.643692613537144,23.588597028060864,0.8610465008719665,0.43021262313841124,0.23986951836222375,0.43665220075630773,0.6900917501653784,0.3022662440781279,51,1.0
13.866561968913484,13.837948759488597,13.127628690322165,11.203322564966507,10.054841883208411,0.8051979954209332,0.5757266933535405,0.2510760767000905,0.3664387534235627,0.6243767376479871,0.6836301800671722,52,0.0
1.5428498254429035,1.3500087943549683,0.9213041208815546,1.4270707892241659,1.6196520902453229,0.6236875611732341,0.5023329508647177,0.1453837880389101,0.2320695230634264,0.5459161594937525,0.5698397866356953,53,0.0
0.034028470881928015,0.056349130227640806,0.07592647424798189,0.10685620580485489,0.11289970079335468,0.9248929095316659,0.45324006595050037,0.3152944551822864,0.41757288226829903,0.7176787978371321,0.40811425189554107,54,1.0
17.223908490407595,6.198226650883906,17.200124738098463,17.06342652280976,15.992725751098234,0.5339517332306175,0.3923502731590358,0.3360515214944497,0.37969958637222745,0.3700500360793903,0.46614703292238313,55,0.0
1.0387007997616797,2.96128912944968,3.4587234155021447,3.4659474493699296,5.665483824719937,1.081963935206119,0.5221286121730533,0.05270136122582442,0.5450738790043547,0.4439237911703695,0.4863218979017423,56,1.0
4.995370446190786,2.3995489761468187,4.01186392280582,4.952284628588071,4.8294735912420155,0.8206551936236774,0.564450627527381,0.41898910538749906,0.33500111979351743,0.448685130231121,0.3984816335642263,57,0.0
3.3612747465699404,2.794935865698272,6.179671670256029,7.073748345759558,9.212801492254723,1.1750107199580755,0.5305872055096028,0.03995964382421299,0.4347112641800934,0.6810844046020428,0.33446224839323146,58,1.0
2.5143510842836534,3.578208913952272,5.090210478331154,5.89729562680229,7.16382572282223,1.0338363731446385,0.4746669668845054,0.17795138458325882,0.6293023278214702,0.7830934070623413,0.44184638591137937,59,1.0
6.40152157764539,8.489595769714844,15.220191530120116,16.84206340708426,21.314336241699365,0.7870349770399517,0.5146641284297462,0.17353852966278707,0.5014490197319791,0.8286728262302179,0.2877368554960654,60,1.0
7.631499788033669,7.815985236564857,11.747762444934216,17.610507106373046,22.307940017509043,0.9668649860160591,0.5140842966557415,0.3618381328847835,0.738019013875477,0.884938164257087,0.4614129279450443,61,1.0
11.596656162858014,6.881805429575949,11.37981227866855,9.599743267114565,8.311506235799122,0.6081991237778195,0.5189696931217662,0.2738953808119847,0.31611661694700444,0.4505489366341607,0.5130806021448397,62,0.0
4.402407129397711,5.869801784927466,5.335768668432116,5.109449706388397,5.30490132477823,0.8578037507053098,0.381569504898088,0.2735357313699275,0.06666521581528395,0.24304593023076923,0.4773929407183693,63,0.0
4.7845549289641465,5.974864971547252,8.114819086708941,11.007338187668632,11.83884479669053,0.7898859712022427,0.5197326350614878,0.0636921655102306,0.2622124465223131,0.37760296736228,0.5286482064644474,64,1.0
3.1760030700173676,3.9550907762607768,5.418026521568235,7.007581131247925,8.770972064073316,0.7850845115760201,0.45594035315338055,0.13596023209413943,0.5623949941845469,0.5762950209464812,0.41539301930990047,65,1.0
2.6381987821434745,3.2354872013659457,3.6203521375615795,5.592887943691573,7.433863817037646,0.7390188546303312,0.6040618606009759,0.11827045391193573,0.6300494152330806,0.9000232749257602,0.45190360780496264,66,1.0
0.7026453880893652,0.45267550431093007,0.7110331244647607,0.6872847437989017,0.6757181621176287,0.6511620178736998,0.5132918641750274,0.2234777633995307,0.221617187007615,0.6735237203949161,0.7018209584552697,67,0.0
9.911528325007481,10.633152679631179,9.475044117880916,8.113626051272664,10.212052625910706,0.6310522175216429,0.5835479221822892,0.3006284524891873,0.5100978772777152,0.3643148872346237,0.338070105049907,68,0.0
6.0248537702372555,7.361346652140159,7.552820368049205,8.538602708874134,9.462538239148712,0.5738350894160734,0.4698218612950248,0.056582361415740745,0.46629989369941033,0.18085611185764733,0.6634782639970319,69,0.0
2.359661108588848,3.242048395865244,5.395994678086758,6.03009686140612,7.42525001898525,1.0989809104243524,0.4734286162388541,0.0489769754583102,0.5210546763441148,0.602737963749574,0.32389748155056525,70,1.0
9.532141424894023,8.65262255547115,8.660167960956148,10.355363713495903,8.845790506431129,0.7529880696386645,0.6494251246256332,0.2888981126392845,0.35394539423561316,0.5706708734046806,0.5370727209226086,71,0.0
3.089909039818197,4.239834795367556,6.333340476099635,6.803734346473516,8.241785463318267,0.9412234539856711,0.5436335188415509,0.21212546831039314,0.5894530217388517,0.6113480239709339,0.4437441077665586,72,1.0
0.7063708088722079,0.8756177290080466,1.0838281455057943,1.3921977114437674,1.6827311796871596,1.0589164419247925,0.4285485467594261,0.17665672013561043,0.6889994897320515,0.7883685921501271,0.3636959226590547,73,1.0
0.6482542569417491,1.251441893418048,1.4999882063509018,2.032139495342549,2.3757379664774305,0.9256257792042933,0.5896974438620475,0.19592055102150388,0.5682135966745582,0.7252837451947053,0.459452107545652,74,1.0
1.1976878184732254,1.3420559476953977,1.076846615283953,1.3620644543937483,1.5863219440380818,0.625131979849486,0.44666952665721293,0.25908833863447484,0.31879316522711487,0.5065004888555581,0.5959157032483918,75,0.0
2.5306284932209357,1.997703710483163,2.076835825450488,2.250540108555136,2.086368808297156,0.5299790257482343,0.5225698137811523,0.2981495396770337,0.3672301197586649,0.6727016498420557,0.6168209014684056,76,0.0
0.15932054407223967,0.20484906659784619,0.18992159785796112,0.20625251785048626,0.24586254420934564,0.6194942607656596,0.6836674630859405,0.3434142220262216,0.35373602814492255,0.48846722133015075,0.550977840798471,77,0.0
4.587389886829718,3.6734386664175185,4.430864275500205,5.556916656679131,5.466726989185465,0.8505415600508462,0.3568717612361946,0.3427133728687661,0.39244101872749937,0.42203744149568945,0.49350667108418617,78,0.0
1.132171381828857,1.410494394770324,2.2057965769900143,2.764840690141343,2.934642465153522,0.7744663884313839,0.48242180782334637,0.13110415885415042,0.34299767069204634,0.9892560348713378,0.32596824292524945,79,1.0
5.287211756763653,7.485908347961169,4.542604665967084,3.5133913038193385,6.806139853156988,0.7353127237997876,0.540827164090203,0.391509473958295,0.3315853449947455,0.4524328152437592,0.5897175869520055,80,0.0
1.49358250183271,1.7141971426683236,2.406389692581781,2.7442275236160247,3.672485995720852,1.0033925143085556,0.5764698334664674,0.21571086945033194,0.5460440507579736,0.5810578754002599,0.5837238392774539,81,1.0
3.5284125421946264,3.981333743958431,6.224365895520452,7.418424578004154,8.914325927197236,0.928534484044325,0.37587660926391275,0.3232213956339769,0.4927152832947828,0.8031197934654228,0.5471906399113542,82,1.0
1.880614575496976,1.9346234761419843,1.31320011859491,1.8463146513455693,2.5668587712881474,0.7398983328790583,0.3464209731424982,0.4432872431267082,0.3784166444217559,0.4671183313199456,0.5346704022140605,83,0.0
1.2295211334611413,1.2745349266518637,1.7035859754837015,1.6318742061376061,1.7185895400240396,0.7655603912873425,0.6090749351990427,0.15572732786267537,0.49211676205690413,0.35381464865941004,0.6060257677332475,84,0.0
2.6291658927321424,5.183295881024784,2.593167593365033,3.531965123764289,3.317547432222867,0.7379280871822649,0.42795851431961623,0.21409724611312908,0.31382171311044404,0.322362092130059,0.5712277026053952,85,0.0
2.250931050342217,4.208538763325947,5.916510186153659,6.9947772721259245,9.407348317583905,1.060907417247328,0.4237717492002685,0.28135480399705504,0.569172108070769,0.6552610769027638,0.4130266618869024,86,1.0
2.0719230476560253,1.5667653917120699,1.5304299520334779,2.400711902207483,1.5044600115824405,0.5959708271772389,0.6550249672772167,0.13351075798710524,0.46062647604515533,0.32021659637473654,0.6258912747542775,87,0.0
14.668291731730596,15.022082418657464,11.049019585103203,16.252847973576632,9.055775438028217,0.7240424876838786,0.5069702314731822,0.4420176962693373,0.3161564505941855,0.36013602719306625,0.6527515015755601,88,0.0
0.10586238273437108,0.1490887708455367,0.19749542687430494,0.2262992791740627,0.28108220558435065,0.7181759566002851,0.5076238227681574,0.1656117805187337,0.4111536797641191,0.5735805096637208,0.10988612181825907,89,1.0
1.791021705341872,2.358286549031457,2.9067656935402386,3.6367698533549286,4.287868725240987,0.6926253812813462,0.4820200554848468,0.2575033035109018,0.5615778849087925,0.7579232032239723,0.436649866588694,90,1.0
16.036196463781003,17.308216298368947,12.09575739394283,16.837417857726425,21.202907517364636,0.6918328969148015,0.377601793325683,0.28836093371392235,0.07983338632019238,0.4466801970938229,0.5601078970783353,91,0.0
3.4454457253022475,4.7824397439528115,4.042774553836292,2.8700541232170482,3.090830720587249,0.7543379568944757,0.5675696949394388,0.1607610472216313,0.07016329620373199,0.4517802665844204,0.5295062085768396,92,0.0
1.6299674641458695,2.217381430234227,2.7816699249687855,3.366600898636265,4.188454529264134,1.0630667777237564,0.5409450521925624,0.30555446021319754,0.5333012047116258,0.6906445990845018,0.479425667816207,93,1.0
4.9425934971204795,5.443179893616326,5.483383444417018,4.515319117748999,4.058159320440398,0.9419791733010463,0.5168691325339433,0.575072303053733,0.06550296169181336,0.3733505115962407,0.7466824416404768,94,0.0
2.207338861999208,3.440863711445793,4.511430052143677,5.9225489062745424,7.341323756661395,1.031986067066548,0.4883676960723742,0.1484991723644308,0.3684832257571809,0.9163008696480273,0.4689003144041407,95,1.0
6.307270886910345,9.413243262984146,8.119301840003926,6.444645989895026,8.548568411584686,0.7727165744398028,0.4707680350661713,0.26776414491547573,0.2619901436489677,0.41011088302567045,0.5481448392788906,96,0.0
0.913327106272831,0.6201695091271701,0.9196886222766674,0.8299176928177291,1.006619624955284,0.7159964855773815,0.5912483389547415,0.035090045673294046,0.22785836502541132,0.5895650269083215,0.49239943498610894,97,0.0
1.316522426594702,1.3368377352621428,0.855441213432843,1.6028548034700631,1.5464813140176261,0.5468771936816622,0.4858706936793905,0.4351502903456121,0.2852193496452882,0.25053760252505297,0.2993755571890319,98,0.0
3.854856344121988,4.272871730526443,3.20479892033687,5.385188363791222,3.918534098762226,0.6853963394258201,0.4935938961466111,0.3911765322842003,0.4112870140768497,0.4883766751302068,0.6182515996581356,99,0.0
8.168041902982212,7.3913557200457625,9.324853402812568,12.198188170809779,13.71225599310624,1.0290376751258226,0.5529893154883774,0.026661613794508543,0.5238480811363931,0.5897945445009976,0.45790161077944364,100,1.0
4.524146520781455,3.7796456015277107,5.0597063649378455,3.89942985421313,5.268646309880422,0.789828185602804,0.5207960930680386,0.09351145379531134,0.21606795982205407,0.31657721075599987,0.589813648990197,101,0.0
0.7847190834736258,1.0261187961661207,1.5783411802053877,1.8334958799493288,2.4459998121274857,0.7713665853317051,0.6642276057540438,0.005076871683473455,0.6354441072784276,0.6382141240108672,0.4933746208837992,102,1.0
2.614198954853421,4.314690948726207,6.58808673469616,6.239427677915251,9.292086034613183,0.961402564725848,0.32386332225266956,0.2645169125372818,0.3571142763455809,0.6288101547094332,0.2679809764167507,103,1.0
3.6626164877596676,4.452123623104467,5.815795656169931,7.9641889769212355,8.561911618813882,0.952839281186772,0.5299907438367263,0.27449914196140823,0.5221883508772099,0.6295593015277223,0.3828761043544951,104,1.0
0.6136902922943354,1.1051496644648362,1.2957882616205874,1.8896346780590485,2.2667414970795083,0.9349890120114737,0.42943942195278306,0.10766660556312116,0.34599140249882954,0.8825912634835846,0.37496990404121094,105,1.0
1.4885182537726014,1.833628424960595,1.8205070472192926,2.797961493635498,3.5241554756608426,0.8972144444622665,0.40579134652450705,0.24992600313827984,0.5252317905730539,0.7068116759676459,0.38898913157439335,106,1.0
1.5691022746182919,2.8127122349908373,4.436628369127373,4.147792930907067,6.424358007422085,0.9665583966944192,0.45429357939556525,0.21588771209911523,0.46813725961074026,0.7337583083814413,0.5167931662953907,107,1.0
2.0193235836203165,2.665636816291453,3.1865904634431965,3.9894388573278783,4.5891672841920395,0.9697313038912397,0.5054679408481761,0.16327302931457813,0.6082237911526368,0.6314260054672826,0.3895157775901237,108,1.0
3.3158684999270824,3.2274255071644995,1.7741110111271434,2.1955360481720776,2.6821829120936407,0.6358541234568594,0.5099069075923409,0.39701968266853,0.37206894711942295,0.5285408955577163,0.570520754922747,109,0.0
1.660694305562137,1.0886393432094288,1.53411893820764,2.4558165127461242,1.5580707754972662,0.7455014061382095,0.34826937843215067,0.1795064398771961,0.2412860668008337,0.45325844173583796,0.5063306520189468,110,0.0
0.2547491804107137,0.3347203369817932,0.5576771895601802,0.6644635331309827,0.7509943668350771,0.8810604859252785,0.445891617032218,0.3147539213593895,0.42210603591837587,0.6536607033475392,0.532857947142146,111,1.0
0.20312856281979125,0.3520498980267903,0.18658911771878406,0.30253800173377676,0.1564477688974928,0.5512766132253757,0.5281221551476459,0.2271478445985647,0.2684903266967891,0.16235741610600357,0.45688037774213724,112,0.0
18.16641021448103,19.00383316985696,19.400076118387023,15.402174789479583,20.957293507844952,0.6438392964961835,0.41230695492163455,0.47815366819670446,0.48755714600343397,0.43244446876028064,0.5447000567152587,113,0.0
13.725884435707632,8.787177147549489,8.54416516795441,9.671459582361049,8.49406254166577,0.5436310314654574,0.38852160952834847,0.19946939765185334,0.46190684811080807,0.48635192838031877,0.7693937067097493,114,0.0
1.9183114274747388,1.9565062842185512,2.943905247633351,2.530150540556902,1.980963333754628,0.7980093535070104,0.27438676925070554,0.2648427921399873,0.2031731814631349,0.25317282425149806,0.6468243298071534,115,0.0
3.997916223504013,9.355953538512265,16.500547160937064,16.304199733201735,24.02479789668049,0.9355889377554318,0.4336806551624641,0.2058587137542353,0.5800225338001348,0.6556908071951256,0.39798233482987294,116,1.0
2.221758143220347,4.287057947289595,5.683013556731573,7.126789328136848,8.247703083355,0.8644509388794054,0.3850370801049186,0.2052318547822483,0.32685685711027346,0.7805740752191433,0.40216920555262836,117,1.0
3.0124412958710933,2.819084377514036,3.6127127841360642,3.82438103764631,2.4908888641113247,0.8420521343288648,0.4016067116889942,0.34908285006180956,0.2552657538942635,0.16436079143173493,0.5053622012642182,118,0.0
3.3614034615003305,3.530011615333173,3.52130921010678,3.5097601679338326,3.1233742288391193,0.7067990907581166,0.47281796967203465,0.17143175817533227,0.2072435647137541,0.3026721724885166,0.5931472755142475,119,0.0
0.459053974238055,0.4885325901364857,0.447054310802175,0.4787855648047295,0.520909204683418,0.5568777244033125,0.4400171123457102,0.2962687591753365,0.4069279457572441,0.45653634124396025,0.5650134161004207,120,0.0
0.1514463467741522,0.4060678101718943,0.49739385081047244,0.5476961175166879,0.7599813141464267,0.8560521459816188,0.3833762106140694,0.21381317064027208,0.37092824802115876,0.8657527658277414,0.41796285994550036,121,1.0
2.1223214142419162,3.338223573502159,4.377913813000779,5.904541508850862,6.555878583759913,1.063285418727329,0.28841584347667726,0.1472261775971873,0.5429350235422472,1.027866971840675,0.2493758614373691,122,1.0
2.3805685466060056,2.969375163157164,3.8869397782153694,5.3460162024769575,5.921876075601673,0.8330524374910856,0.5302311305147642,0.24040586174594175,0.5000710121565963,0.9937982152550635,0.4397852007769319,123,1.0
1.4226929076372534,1.4302070586478994,0.8766465317963263,1.46122104567456,0.8462149795813119,0.7275221288757829,0.5752827213808474,0.1653630086512219,0.28245511702704895,0.4215654223474014,0.7016629674886309,124,0.0
9.017852933576584,13.922742072932653,15.890201418281176,15.11311843521378,23.47192467396013,0.9743876624514638,0.46032550210056267,0.16735461109493163,0.6671582950744398,0.6273659677777071,0.3796176874879426,125,1.0
5.507189503620775,5.469826550274028,7.573806308774299,8.59695535201214,11.637458213944248,0.9589948484554942,0.47342243035457227,0.12468158755963338,0.6759697192334311,0.8384683401656329,0.4647098393305807,126,1.0
0.7550234904942185,0.6862025508535402,0.9805714765564779,0.6061487074114433,0.4057822391482166,0.94494597989581,0.5002810515686124,0.2676569070450981,0.28556071815470285,0.3184610614414514,0.6310346274844577,127,0.0
13.820049994229619,6.904847457776148,11.938324043362126,17.704468219624943,14.23206853310307,0.5823696743076731,0.6578783576612252,0.4447035459921203,0.26540836994000055,0.2856857072581523,0.5392259859833943,128,0.0
9.476393290346751,17.053537843079656,17.801158940776638,25.178978123754685,27.680966465545055,0.7923536919467196,0.3432292206174229,0.34664557261574,0.3493126681196833,0.6542100921452348,0.29414743135428845,129,1.0
29.61402737242025,20.821533323048357,24.868700656266977,19.82956365827587,26.99781879155791,0.5840245552897867,0.45855102741274306,0.427041646058122,0.299574101276079,0.335399004973434,0.5081611511279341,130,0.0
0.3099084261667519,0.2236441534017095,0.4052758600037868,0.30345221472459694,0.290785987723333,0.6704081578983114,0.32780270358672803,0.2537742719919148,0.4953303255745991,0.4618945934598814,0.6292892569154714,131,0.0
3.853371089523215,4.455396971046699,6.787863678414934,7.86958065924603,11.059016183641823,1.0099377388182451,0.5362318458735559,0.2907618276800207,0.48712646604720766,0.6096397566798458,0.3943854868014795,132,1.0
3.111596121647831,3.997230246877168,4.207348628595595,4.259066944481978,3.4884936235931696,0.5968265420203488,0.4856041606211989,0.3112362126925804,0.372875928314378,0.41276830859467223,0.7275093021881698,133,0.0
2.5111324614798907,4.241743351087699,6.44124261770435,7.559510551670137,9.664140229228503,1.0113360505943938,0.5202992112936078,0.20455897035030085,0.36025026760807355,0.939243017710798,0.4790870112203894,134,1.0
9.482344816702705,9.04273893935407,17.741508422554812,25.53748463166255,28.26396298019824,0.9035126669927735,0.5153122562591077,0.19226386523808306,0.4565225070266398,0.7183211071111071,0.4788784983127301,135,1.0
3.1579113583130676,3.751165506757556,6.10238022424392,7.711149987491872,8.5885739242847,0.7891003306789075,0.5990708253703516,0.3758417857379125,0.5462465305802651,0.9275113432182667,0.4263080801712222,136,1.0
9.64341887266847,11.807118177200786,7.514007187689775,7.149391029229178,10.325323950183176,0.5248630043432143,0.5538132964568466,0.43658386055564635,0.31058623980480526,0.5803084901598924,0.5037801050678336,137,0.0
11.004695173151642,12.1566668575694,11.231040628206033,8.937264940268339,10.95357897063646,0.5472429506190674,0.5830507957660087,0.37448964184470973,0.3824667334410562,0.48880603550509494,0.6325339295974991,138,0.0
7.033408822587246,8.659291356310387,10.032324049600554,8.458390511399154,13.615237693906993,0.6334146591766076,0.3934465310103056,0.28296990344893735,0.23973281154413362,0.346877081509222,0.6063853165028222,139,0.0
1.7257242760431502,2.4724129727880397,2.2556909793218245,2.3875329284495574,2.4193788623589367,0.6830848824256679,0.6193170864975145,0.3039560758254562,0.12500114511763344,0.5560761966023656,0.48616186114442517,140,0.0
0.46244839595668014,1.0388911047227385,1.1899785588450962,1.594153460951279,1.8335364202263589,1.034606297673045,0.4277637260511,0.2530566604537734,0.612209023032227,0.6625037622042889,0.5209949258558711,141,1.0
1.0886139039238805,2.3171950798362615,2.759462949014949,2.685914055701978,3.290726747239392,0.9799088212188238,0.4335130457376019,0.14783910881459775,0.40638507107290917,0.6996985517459557,0.5102289374929152,142,1.0
13.442810349337265,9.966847570779896,7.4546858660628965,13.449765328141515,11.499594987495307,0.6161058747919698,0.5270842577352994,0.3938315715964504,0.3506604027501984,0.44952980112483915,0.48558508555829394,143,0.0
0.4162724993845597,0.6586662592233575,0.6888257760574908,0.8615054894160126,1.314310551075953,0.9408665283372167,0.5301918263049277,0.10787548885570933,0.5450856866488415,0.6991948791409777,0.33622050948834714,144,1.0
1.282907007914869,2.260500164703975,3.232646546204586,5.2499551745563595,5.578866221802256,1.065154626919224,0.39281431977675213,0.23918436879974053,0.33362468049680083,0.5919598422384195,0.3450049780559523,145,1.0
1.5842088082667602,1.379924798138358,1.1679886857068078,1.4954788157135157,0.9144453041076548,0.8873917421030035,0.4826720708226103,0.07102844502073699,0.40491254172400254,0.17093516275256965,0.6609851543799615,146,0.0
1.6997495565242544,3.583869850255446,3.7622453277542074,5.3590262075318895,6.467129686468088,0.8685593988446403,0.6488235316869476,0.144938147339787,0.4433432805471031,0.8438699395488218,0.4494725180453996,147,1.0
4.446267146564205,5.517768874522636,9.318527391649244,11.609569569441245,15.076429473472476,0.9958288429705001,0.3531663438465905,0.40776771329194433,0.5055054621986962,0.7855513190209541,0.4044407212786356,148,1.0
5.425469958297028,8.36351088214446,9.89868897782953,13.825422434263237,14.272598890173441,1.0389955366887822,0.6485219241012726,0.3036191494391911,0.46418174360344433,0.44190835112554866,0.4273857280399125,149,1.0
0.8583550422263333,0.7196211549585291,1.2155711465501404,1.146969355960399,1.5636058168332574,0.5492928076821613,0.475830154858351,0.4535468449934524,0.4622591502232909,0.2879818975694715,0.4712367803554466,150,0.0
5.183841711310849,9.260590187801935,12.882112442861418,14.073891801057444,18.224898145690027,0.8487592912840303,0.26622451665648467,0.1332692332645618,0.6343490208184063,0.7268598143910077,0.43813612813584524,151,1.0
5.379020155857213,3.3714166144670132,4.503350263254895,3.869827467196355,3.428481243844271,0.9220018734423263,0.36332682665170934,0.3103772836800436,0.11876654162292777,0.4663858530340852,0.5899114624453929,152,0.0
1.4932005498906098,1.6422827749351,2.1814733122617906,1.4611284565546363,1.918164944288842,0.6698963889879096,0.40365224622648066,0.42819922530943044,0.5258827121908188,0.17223195115493628,0.532095681744141,153,0.0
3.57982964842737,4.895089193813263,5.83141852730761,8.738168877315614,10.402919354493635,0.6071048635298901,0.43760706992172577,0.26330949347053767,0.43216932674848035,0.6866142000186367,0.24674937260696805,154,1.0
1.651426420146234,1.6531792199091224,3.5769459297867665,3.3533797368208593,5.413545603006205,0.8879038189613276,0.4895286741374662,0.2508565877358319,0.7102436676981838,0.7809481892880946,0.40269611561863516,155,1.0
1.444228560899913,2.2016759520684803,2.4357625978071415,2.8816780978339116,3.4541113247825077,1.012462549911586,0.22965198702384276,0.36305819703300624,0.47437904278600157,0.6472732297151079,0.43569598962178097,156,1.0
2.7191550147612054,5.177972051751301,6.540194950479553,7.705063864611435,8.71707908124217,0.9006510436800895,0.5186804392477653,0.09595450343860716,0.4659083293908065,0.738374447265159,0.2297518198293412,157,1.0
1.0909102322180633,1.2028955001165673,1.2014532146026764,1.713569874676273,2.278103705061916,0.9715363946800633,0.3944909491675116,0.18157619605544967,0.47526722669221777,0.6268672176933284,0.40184860706564296,158,1.0
1.6837739213616059,2.145192330797958,2.3854037530521723,0.646005930286636,1.9609653299766432,0.7938221997655731,0.6390522571601058,0.12459144373306455,0.259921035502051,0.5363794527549283,0.6122239751848495,159,0.0
2.8105911378442774,2.6149344097084666,3.0217532653342323,3.224558921722514,2.930762489361056,0.6645062548567717,0.4729823279256026,0.19048939480643984,0.5524396537823222,0.28010714292005934,0.5445770456852339,160,0.0
1.3536353560690968,1.6481259970560918,1.4773718560962854,1.39551484440512,1.0790408038146253,0.6480607013585623,0.594284617173273,0.4074185392178971,0.29236368006793656,0.22868826413584303,0.6379838202395174,161,0.0
1.78581624027945,1.9060492934899402,2.742269155469653,2.5565837996115035,1.8286105776191282,0.7153440975954272,0.6110348979914293,0.20826507338078765,0.26977035674613103,0.4043390296092326,0.586733758372268,162,0.0
4.784359749618565,5.401600024558792,3.7298435130714562,2.7616971599637368,3.636093129267113,0.717777892292988,0.6083273243466216,0.3735524254125097,0.3077010757492944,0.18497110415672569,0.6283171005336363,163,0.0
3.9541796912994314,5.436082901604482,6.131108330474676,9.470084035003117,11.04184333028028,0.905407681984697,0.4433593257037514,0.36584850419680803,0.4032664803075295,0.38423332179058145,0.45342469328750556,164,1.0
6.219371753779216,6.20438236195827,6.4236888654580575,6.5483026341805814,8.673227230952866,0.7095156522682464,0.44207998422786765,0.28220618250080615,0.4597120534290251,0.5625602947081021,0.6534806906150523,165,0.0
4.6940538246845644,7.247939838970739,9.234884875166282,12.298563719686275,12.06157154286733,0.8251453865379261,0.4775026700711685,0.25198634397998126,0.35289191643068685,0.5523663277658771,0.5016820493446501,166,1.0
7.335607514503512,3.8532261210881664,5.021481043379005,6.714969329300417,7.3872097777875645,0.7750286910080948,0.5636237375378925,0.37433121295429195,0.23859913929285947,0.19995226261242813,0.6338325188784579,167,0.0
2.798547647275697,3.961017251193824,5.490947373840933,7.924220357868607,8.350743909784898,0.9599231947112965,0.4489304730245837,0.07785049369334344,0.5936660309846792,0.5782361834575587,0.3522959259223179,168,1.0
0.9150664226264997,1.1245080496007538,1.417839488449887,1.532929239672588,2.1605096090245137,0.7663991633364541,0.48807375264097524,0.13835476546989528,0.5042352130767432,0.5715024052883807,0.33522099552468027,169,1.0
2.303571777165401,1.945391667471017,2.818150113775416,1.8464717911145971,2.166330217914763,0.6610837682914033,0.527359381633945,0.19963387883281974,0.3549215182500046,0.3786832808254684,0.49366912471313773,170,0.0
1.6205687824446326,3.1562597637809464,3.0246180726179066,3.9108199804944976,5.1094067151664415,0.9093079872539446,0.40951080739521334,0.14632768899169712,0.653316411668543,0.535976989947105,0.41511796431129055,171,1.0
0.16274881798519425,0.34364273289687475,0.48482049392682725,0.5275217643202333,0.6933659453471784,0.8465686997723825,0.40318917116708824,0.2716110698081099,0.600380154833248,0.7747279213384233,0.5321311714652524,172,1.0
1.9884230531006573,2.5437768914521848,3.683472661823477,4.554549370039013,5.603772934571355,0.9637371977587793,0.48417361185960095,0.14048032690577084,0.5137476345141145,0.7969351196736573,0.36415473940128495,173,1.0
1.4770179574395046,2.318468967440129,3.0122921566819465,2.8860574451673138,4.27183165270956,0.8933117461542861,0.49741788149516414,0.1964846773068183,0.7089342649851799,0.5087512824076696,0.44496082477099597,174,1.0
2.8274383467532873,5.8518060009121085,7.999928764602242,10.915950793518306,12.125907091825063,0.9169072529455186,0.5433885480001643,0.09575383830687642,0.43716638512037664,0.6072855065577418,0.3247719995484839,175,1.0
20.049232641914244,22.084335480755463,23.74148655899566,18.592085002172272,19.420071270991222,0.6599290692516926,0.5671886574951556,0.4226422164533702,0.2899690359007447,0.3215414139942121,0.6194804915160634,176,0.0
2.0339243326309235,2.8245032816078854,3.747471823204916,4.152318034567979,5.652472335621153,0.7006781176589384,0.39009371794283515,0.14548900097766626,0.4969559668497234,0.6752488957950487,0.525934712807444,177,1.0
1.255112676450057,2.4371559126119204,2.0215151898281727,1.8990359266836672,1.6685571729708124,0.494965167843755,0.41879150680564353,0.4522980551909954,0.28975782339830203,0.5624025275475523,0.6686247973331942,178,0.0
0.1115875807986218,0.14757761604011932,0.2257145012370737,0.28276899367196584,0.3136706216963031,0.9589609546692026,0.4029247712436898,0.206092909384936,0.39307893430388396,0.8710470122503912,0.24291879668608427,179,1.0
5.325579841244608,10.939604856320274,12.859278893192569,15.149844674070053,18.912445051372995,0.9266912076489393,0.6412447401591421,0.05930004220369206,0.3416350174839502,1.0748301079248679,0.45706948160355443,180,1.0
5.016150794610115,9.345784509873175,13.6193413564073,15.682306100493568,21.832474706467792,0.9438662206351084,0.4879729409797465,0.18289732534543754,0.5417201574379193,0.35959391062687324,0.4616225778793552,181,1.0
0.7906427628767987,1.1273246986923566,1.3259192702839235,1.7881934726566264,2.0739668057145404,0.9134472842062912,0.5016129295245021,0.09372231725338354,0.4366526214449343,0.5613556415272556,0.41734869732270885,182,1.0
1.68472964373121,5.037069077394776,5.639957525879217,6.977973328716153,9.041104695525107,0.9214567403373514,0.5057774364013513,0.2589349377378153,0.690780878898128,0.9721013771612474,0.4667522112702341,183,1.0
0.21617661823728834,0.281538457007386,0.39205513618525945,0.5194587266853555,0.574110493866692,0.9969023373618787,0.4284329986282361,0.17386372176731335,0.49274576767647604,0.42989495233347474,0.31664979602824617,184,1.0
0.4819297013759411,0.5308669038877853,0.7960774868409345,1.1911639627422597,1.24577997418854,0.9444619372401412,0.6564269518946031,0.2163210255027354,0.47485107425085094,0.9686897596256059,0.4063263154804086,185,1.0
0.6395561662889528,0.8984588630403162,1.1773600373060413,1.4261382202870498,1.9439528324544146,1.0040909350306113,0.5411026654818728,0.1630646889953437,0.6094339786402654,0.7221026909714866,0.5110173940938101,186,1.0
2.3476547442277944,1.8489186511568634,1.8566972768000434,1.5061754712057152,1.326953166886083,0.7171461841226596,0.5039590529777949,0.24446576961366745,0.3402192637447722,0.42761991595338167,0.7019949483466368,187,0.0
27.18306928818103,22.064532529782532,17.68664205740496,31.803864070903966,32.07086325459351,0.6699618259480229,0.3894743578849434,0.20263779903843726,0.28244825722129513,0.20803030208207948,0.6548044974005971,188,0.0
4.9436154216138215,6.260114365930021,7.164981550840099,6.21363158526915,4.544517435430935,0.7194202862156246,0.38380675083437554,0.38362229368215295,0.23592682522355565,0.33232551699935553,0.5117004776499117,189,0.0
1.155632486214288,2.139777563133845,2.484063794448235,3.1609204401510755,3.719087206186499,0.8163822118512702,0.4691092468394232,0.1826846898200302,0.8657701803999075,0.9621064539564859,0.2959536229380721,190,1.0
2.7684857378972123,4.595221158553605,6.906280413734569,8.895565359399267,10.754609576242869,0.862015307108809,0.43000082064281697,0.16853091063016157,0.5361785762261738,0.6928475297138159,0.4114543674443354,191,1.0
5.111306432959118,9.789870422969594,13.805376054862906,14.207521134520492,20.34547659401125,0.9177571308640036,0.3932555654453448,0.18017861015578396,0.6084429577384396,0.6333251457684692,0.418077423872584,192,1.0
21.15797958307076,24.300777080039907,16.67072893399434,16.688229232639447,18.570346011794687,0.7164318331901012,0.4629041980428445,0.23211382065142253,0.19770544797665046,0.4608578794568854,0.5899628227722743,193,0.0
0.17279055821065478,0.2570895957135691,0.3213940208204299,0.36937364065880507,0.48346038937375113,0.889358111999701,0.4783571971724111,0.16886485732239745,0.4422014613576325,0.6711673599546014,0.3195215021803347,194,1.0
1.9711960473803842,2.511619920426048,3.293267163462681,1.8813890139973999,2.168769175783228,0.5611815289825792,0.514178542046027,0.32056298146934875,0.5112345888290288,0.4517726724709662,0.6436961075390394,195,0.0
0.6403151601212063,0.6089487827244826,0.46569137005587813,0.5174914044079186,0.43117279730340957,0.7636409546420714,0.4496080528625737,0.19658630009432349,0.4396930939355635,0.27253880017601184,0.6110165348694541,196,0.0
2.4457869792455575,1.9401609742914985,2.7777289783146055,2.0779734115394897,1.9549412671859918,0.7834228406599548,0.39923993053399687,0.21106480069207922,0.3457622103733283,0.3884271027087842,0.6289824316550473,197,0.0
0.8708088690414284,0.8843124800745301,0.9503264900193444,1.3968870737114887,0.8667110522455328,0.8643690495252239,0.4027079114008753,0.43782840936226736,0.26184291082029765,0.3038385601838922,0.659343375962411,198,0.0
4.885418347693111,5.272562581955454,6.339109382674407,3.725245935303274,5.677975519146205,0.7441775996588731,0.6212972729226188,0.26372434672004436,0.2765964228043424,0.1294050038957984,0.5726350212321987,199,0.0
2.055575034675348,2.729220439693864,2.2146440775268994,1.3249302546040103,2.638941353435581,0.7001461834191482,0.37482423136382576,0.244843919107599,0.23238892647438708,0.4722936680871528,0.5511241622620563,200,0.0
0.6985009475948198,0.9017232643098327,1.2197256304130528,1.4577608120263221,2.0550695285476985,0.7986970490389849,0.536318229829127,0.06561283944407242,0.3843150669861359,0.5149340737666667,0.5107565323308623,201,1.0
1.8185557313714786,1.2740395641029674,1.3788813690028585,1.5262418440405667,2.2478729475157095,0.8492017869361055,0.5519546329774396,0.3850677637474239,0.3923844184261014,0.3752888604843847,0.5242641513469831,202,0.0
2.4777071169364584,1.812589282334158,2.369869376665353,1.6189900898966905,2.5549493645677224,0.7247832976874024,0.4878724524164331,0.19440741864891564,0.3538831222792058,0.5389102368741867,0.5530825800537992,203,0.0
2.0095890449452574,2.0108667351897345,1.7264170979678262,1.3295578058918387,1.113566703679477,0.7193373173825456,0.6767829058405179,0.2984707339038542,0.3736078816342273,0.17532798151893553,0.7234247815427473,204,0.0
2.1733649683476384,1.3244895722723717,3.4376476436112187,2.9566477682223176,3.567670814946257,0.6745943801821147,0.5501718993027699,0.12918149306834092,0.2663102012037736,0.4907026145424403,0.545297574899034,205,0.0
0.10557926253774515,0.12482708345857291,0.16664559701525195,0.1976838764849463,0.24068793130200392,0.8682030433565137,0.684290304830465,0.28181728003641165,0.5255638975133163,0.6550279814547005,0.39013823563594396,206,1.0
0.9399721932586139,1.2020458996746315,1.5885330176193306,2.048092292785347,2.6067534377214225,0.9688266734050845,0.4348935998085128,0.3176856243618581,0.45679562350258657,0.5550214898609404,0.35880301308869716,207,1.0
1.1407557847255625,1.9686810563051984,2.713360028815993,3.6177740306144828,3.909225572718335,0.7978559377341408,0.43660545901065817,0.24845203454780151,0.42726919372296934,1.0034384933329101,0.2216778518716202,208,1.0
3.953604061630885,4.169152868060455,5.588604723705981,6.493637909439237,3.403395841379943,0.862543185915878,0.5527537158680015,0.1465519868594703,0.4667062436142176,0.39991655563677475,0.5876692347995203,209,0.0
0.6169881178715678,1.1584160481546533,1.59764958944625,2.099496948626736,2.2293663766501126,1.0407526457538372,0.47385343626807974,0.28387621439092303,0.5121507296840743,0.6147860665634888,0.29893782364214516,210,1.0
0.5626992305428008,0.7343860204524326,0.6777160686236057,0.8471053367070246,0.7843075075513073,0.664593845313291,0.6685665424892018,0.21726510003596472,0.35074543382865403,0.28296806164503974,0.6254580432643561,211,0.0
0.22015993880600604,0.2930847440533494,0.48965221336288617,0.46217558334813025,0.6186571109992469,0.8136135434126957,0.5341700383630937,0.08290281212783875,0.5835754013857501,0.8321743702655044,0.5105638510041112,212,1.0
5.264053123066479,9.068846134570935,13.254510097917649,19.93869366867495,21.539751620735665,0.6984794011644585,0.39554257801432846,0.16165389542423464,0.5134040886233024,0.6081915660304882,0.17858262668263447,213,1.0
2.37650819502702,2.896548009245453,2.7136887829080765,2.4295972212353525,1.9420338955239749,0.5748586127515772,0.3263183591455974,0.2596632326653511,0.3240632744025154,0.5134777147811539,0.5593083015999719,214,0.0
5.603286797699991,4.533961717149452,6.24310760003523,5.169698855064686,4.831161182579554,0.7729911492882874,0.4921761407656735,0.24949513488197103,0.19133748230462927,0.3996280253315259,0.645232323296498,215,0.0
5.741344721820897,8.055416187094302,12.303590921217092,14.307728619854563,19.683934267024306,0.9315341858900653,0.49108768704667666,0.32736742479046943,0.41038849715634146,0.8674282096650772,0.1816651081570222,216,1.0
0.5728853657163486,0.40933156237719176,0.5134464508578226,0.37233634379091357,0.40574234882539517,0.7493653565306088,0.5313765923308388,0.5011825996442627,0.20521852448715533,0.24361908287756742,0.7336265360422232,217,0.0
8.758537774486426,5.999843851798946,10.387654965647272,10.732939478351511,12.694770725150178,0.5154420364675838,0.6210690573755903,0.16308634626505353,0.3605458416820535,0.2645405141355993,0.6379892036803483,218,0.0
4.648188028661812,4.659027349991539,3.2289942219486965,4.378749097861765,5.279520397581747,0.6604184379897335,0.6079113303993927,0.23111676056754094,0.3070890652822065,0.3578492028954897,0.7083212821931901,219,0.0
0.9690491494403091,1.2300009993260321,1.2642918615620962,0.8522675510736548,0.7750890906122295,0.8367272806282082,0.4421098967663567,0.31427483360449565,0.2103968436234412,0.37029002537128364,0.5436052136888571,220,0.0
2.2454176547969404,1.8456199854184185,2.3741812964927393,3.2885872770163487,1.4811955527348206,0.6903972594680646,0.37061805981955787,0.26112835090627723,0.3580098841635207,0.34681644569544845,0.5556679229723809,221,0.0
2.9784243468542413,5.54177236030366,6.857108939792595,8.999218595441143,10.889570367366964,0.7727705265376014,0.37658788649909297,0.2399398749278516,0.5543456460954106,1.0947160608139777,0.383906364520093,222,1.0
3.104596361503799,2.795663016095725,2.742140749488566,3.8848271361541142,3.960336032451503,0.6888397669157098,0.4263198294678621,0.39159853559457947,0.2305034008700635,0.7094870506527862,0.813820904755154,223,0.0
7.635170158762558,9.999782821011884,23.3379641100916,23.776366152839103,32.09097566369849,0.822898258163475,0.46332684519609807,0.2749365942270041,0.49721724553707264,0.7448582612231565,0.5318105360497066,224,1.0
0.8118577555967684,2.0797446698609767,2.965259488297698,2.998151245685917,3.523678554165392,0.9333679059945397,0.5305062138965166,0.2609733567849832,0.5547141675060477,0.7625458111075686,0.41323476995087466,225,1.0
3.238503780539389,5.733526857087684,7.316056997542458,9.348532624103585,9.94985793696162,0.9020545378887714,0.41990324031040205,0.3659095520919723,0.41416446458805767,0.6645351729880629,0.42544017716507837,226,1.0
1.3329176926240816,1.7366316476061632,2.2320348877080938,3.1098192756234178,3.513804916109993,0.954329666408229,0.5280391971113314,0.04110527170838901,0.5566226764895951,0.5425261699722803,0.4634903811584933,227,1.0
10.90929996598874,7.312204102299525,9.477667472130637,7.768983789556165,9.32484713122534,0.5782076373234887,0.5362040145859052,0.44801087919546156,0.33010236041635616,0.3726891639167122,0.8391554820991459,228,0.0
1.8840309257777748,2.6277028635665856,4.412809861950247,5.16238573971878,6.434147969704914,0.8551283431334901,0.514334388259589,0.1587008365910256,0.40008002944989735,0.815667662719308,0.43827197930570505,229,1.0
0.29995196188559375,0.2409548898349904,0.399168378813763,0.37643680131220125,0.2908888786304678,0.8090434341399109,0.3871377002987305,0.3785125220675627,0.3219796734998102,0.5958440142352014,0.604595939611877,230,0.0
0.09510121964883772,0.1602350786696882,0.179011206425943,0.22881778715037515,0.28594697748758413,0.7645719945564518,0.5467826725235958,0.09703337717205562,0.5365648586655904,0.8493562630784057,0.36614016033850116,231,1.0
0.6525268953808121,0.841661902990176,0.694227129243059,0.6058324489723301,0.8059592769184224,0.5996887983960021,0.7081269628766723,0.20915036081067223,0.23739988738612008,0.1735338560268683,0.6234915247519441,232,0.0
0.05310853605680623,0.0965688303940796,0.09061653303978935,0.07590036020580553,0.07474172817546472,0.7199297309992063,0.5245896826912905,0.36621172914820277,0.24527163501337906,0.35661584827694304,0.5412978181648791,233,0.0
0.21085657787787987,0.2746514762563374,0.40339602509168276,0.45352256547064845,0.6073604600562122,0.928672983908379,0.20469248993487305,0.007126997725015405,0.399158006906881,0.47966986527010114,0.44960923380768725,234,1.0
3.4524317875021198,4.1902800416461305,5.533506555184313,6.641175801040015,9.683273670443798,0.8511150157257229,0.6240879572046902,0.29894420782883124,0.4551001030876106,0.8753265336104078,0.25674033702084587,235,1.0
3.4274362777201195,3.6696661737540888,4.050977818492927,4.037259973008545,4.392170589509097,0.6721567117361149,0.42972522233006133,0.4259963502341588,0.2987917989562852,0.33814234077995015,0.5739499410593667,236,0.0
6.403959582091885,5.35156460558262,5.109029200928902,6.12687560905194,5.610481919873644,0.7533225561555641,0.7265712690495693,0.317778485382896,0.24554778413056794,0.39293348265534506,0.6734632854727336,237,0.0
11.47680628798475,15.414172058550724,11.296795688349986,11.295885010035759,12.178696301496013,0.7849635001759867,0.5116363451365961,0.3141761035578557,0.15151121017561126,0.4720075402007503,0.6369123654337354,238,0.0
4.04230177948197,4.339892400425742,4.875062543887144,5.177622552572992,5.281849947707395,0.593077833471024,0.33152993060141744,0.21663638550915476,0.2311411975363373,0.8149209879717849,0.5537375379948348,239,0.0
9.1391056556964,7.212700907012627,9.369144340178448,5.469744552890787,9.183698330470289,0.736431952062795,0.2935302510041248,0.36744494024036684,0.25827078931879976,0.440241240968429,0.5767975489583361,240,0.0
6.53689749269993,6.67607558192505,6.905517263574228,6.765785841382762,7.196606851083675,0.8512016000005722,0.6539740762675879,0.3347665246407426,0.3816838709632252,0.36425934432906226,0.7035334686692212,241,0.0
1.0488039741482775,1.9765956518594954,2.241693876273877,3.1216615118381075,3.9218217277258987,0.8884107938638867,0.6105904985917272,0.10784946039761768,0.5594764914776931,0.513843681819454,0.2789598303976578,242,1.0
0.6404071189862168,1.1440661870150122,1.4564526978043708,2.0349046086076785,1.9993569612260258,0.792016084621148,0.722601888576669,0.1608520049911808,0.5836221078875002,0.9187959172754657,0.27954063520886696,243,1.0
1.3297961440743264,0.7742298520165904,1.0335661944879344,1.2284440338073683,1.4670395876888185,0.5873908091172784,0.5010924485573556,0.28406645753041965,0.22609811030010318,0.3727545303554387,0.5070366047822503,244,0.0
0.5464983919117026,1.1998556592471696,1.4388809014219377,1.5897221918136815,2.198348254109229,0.8839262558688136,0.49434701166203193,0.16071978034808126,0.5141550779079344,0.9485713697391549,0.39893221357333564,245,1.0
1.0775374443233945,1.0246040040165778,1.5884120336825738,1.849124976022822,2.3338455383932324,1.0035847304867618,0.46172812078414427,0.06370885866500248,0.2576953500998466,0.8658419669423085,0.2643261932743808,246,1.0
1.493673223032278,1.0980426697562187,1.4865662932180956,1.4186394709472305,1.076861160736574,0.6959244150153379,0.43417097587407794,0.3699020308583895,0.34289203981809885,0.3305565846087293,0.6953001592765982,247,0.0
4.734738758993726,6.952509597473172,9.547717163203684,13.531500851459471,15.770755231789833,0.9189231979905927,0.46075704455421845,0.17564895440981051,0.5610897673900798,0.49115857287161435,0.3075707541144134,248,1.0
6.191242784117299,4.882431494002342,7.223661390819052,6.409180425383499,6.797165573113246,0.6003658317826196,0.5217463332324029,0.30153647758933094,0.2648374832139076,0.44088536758054103,0.6224355557743129,249,0.0
0.25479215378658004,0.11999276298573748,0.16651286337028828,0.3504608788561826,0.21582532945007368,0.7983117632976547,0.4156099213087898,0.24217334126025733,0.3295429811721782,0.30776447068425977,0.5420926899080597,250,0.0
0.3883899926973198,0.9465133413989062,1.9531567084131043,1.845604940064637,2.5280284769052983,0.7854341428834644,0.33307106531260167,0.24752714739719897,0.3485075724629947,0.7059018763684458,0.3934502919160274,251,1.0
0.11488984757107366,0.10129261794173561,0.12956937332950866,0.05868071443895383,0.07984149768919621,0.6495503515728367,0.5159876634014178,0.3198696184381403,0.21989330096001758,0.5573574410281507,0.43966540903412565,252,0.0
1.5539765370439915,2.122610284694603,3.247202777609362,4.603587548918496,5.216685124246847,0.9629914862046293,0.4133804401306568,0.32127843891304186,0.5765449238432275,0.45196268265627493,0.5001316245209956,253,1.0
4.093793331176382,3.3596713515818792,3.8751192895896365,3.1918967732760417,2.8516178940041605,0.4960568501680067,0.1760562275059931,0.3480598712938984,0.35112532785395745,0.43969207661023213,0.5038502001628599,254,0.0
5.767890750441814,6.0438722852712665,9.206317465994928,11.809697809508563,14.099381174644362,0.9173961149685707,0.555256739065701,0.1797315598162889,0.45881454889552326,0.8139394286328605,0.2933783278956297,255,1.0
1.4105322020543538,2.226194629132456,1.4791311287013296,2.1374526229697524,2.0360995425043513,0.5960926433608218,0.38919409618829715,0.22602831824974395,0.38113623174047107,0.5212165842634094,0.8379009013402092,256,0.0
4.931051238813784,5.3347517637625295,8.972836928338907,11.513234371122781,12.875780824251567,0.9016549398909113,0.5661789454690734,0.2865952683916645,0.5138298116799911,0.4954686743218865,0.45543073109576077,257,1.0
7.194487894483515,14.4870172486747,17.402009515661685,18.626450561242226,24.267015579393494,0.8647944392288063,0.5637848106515981,0.1717423901213542,0.44957790360778405,0.7629004704660945,0.49624164082830746,258,1.0
0.41409961029384107,0.6021980741376359,0.5859407525652335,0.5856432036797752,0.4843229772343763,0.9105834825348488,0.5283590011522833,0.2828282433403779,0.28171726893967064,0.5805304872860039,0.6458891396361899,259,0.0
4.640225779329327,4.989895378912088,7.8520472471980725,10.162769358182148,10.926621564240909,0.8606878810800093,0.7496817840356496,0.18280283937073252,0.45445823086884646,0.7514850697600113,0.3547519440013598,260,1.0
2.322293715649208,4.094901042868978,4.706521778826682,5.980807425680988,5.59303037112087,1.0842651372883343,0.48619481500276224,0.15983922893428704,0.3816224049181472,0.6826458690837195,0.2693150142544989,261,1.0
2.1445045702907697,2.3916923688679828,3.0187082074690856,4.030485057991178,4.419498234226707,0.9586952291183374,0.47143604325014116,0.18454610057701304,0.6256685805902101,0.8709419410860165,0.37011796125743407,262,1.0
1.6500339016263643,1.954688029160055,2.5267393403579677,3.36447125432757,4.39740857062546,0.8198541029270271,0.5683672421416917,0.39262075627325776,0.4431975566707409,0.5958521784341755,0.3021840655474437,263,1.0
3.9398708525275166,4.6760624614493205,8.034883988746572,8.884087339582733,9.861388172140433,0.9330810925259756,0.4944552637886207,0.09521779458723076,0.41676392857030886,0.4705250637695094,0.3081884827565481,264,1.0
3.312570055596891,4.057705071086227,5.059480758346405,6.198002657205548,8.361516971076618,0.8695590253662188,0.616049353739401,0.11854957892383897,0.3470651679486641,0.6699103277603602,0.24168126710303028,265,1.0
6.611187916819114,6.498067706355908,7.333205521127198,10.092380679296276,12.614375970868402,0.9242157490741233,0.3731194092424478,0.338432441815425,0.23640321324108732,0.7802567787555997,0.41144759597954955,266,1.0
6.187798689581438,12.453936881277443,12.691893439580921,14.769496337506798,14.526186609879012,0.6286109012566733,0.37478255525356596,0.26251956155049283,0.3701496868118987,0.555840514215465,0.7573412147525846,267,0.0
4.908816102562379,6.256716374734144,6.757129273256572,4.828890182601052,5.203676014695471,0.8690177633345957,0.5765809491326217,0.25493787159251047,0.3793608687036212,0.47957538612518985,0.6558136723026449,268,0.0
12.722078547663566,13.966950213137578,16.378491676020126,17.931326247666888,15.363438875977875,0.7925398090796724,0.38351890606613964,0.4034863856773434,0.4193038584594708,0.5253731603087287,0.5894209612148288,269,0.0
2.3249351582791196,3.318926565381481,5.185151040970012,5.632120406442985,5.954377336924651,0.903178156816159,0.5609098606442714,0.05798043827182486,0.4850960683829818,0.8567967145155939,0.3959428127189848,270,1.0
2.594586287309112,3.78921225428244,4.62550741808541,6.37541950172679,7.048513737338641,1.0729114768069534,0.5370002846210365,0.28214544292534055,0.46780074727064047,0.6490934490552833,0.09522226876064027,271,1.0
4.313262096402397,6.17707172166239,2.5851171807325546,3.6285560586861907,3.4988605184975126,0.7074279244082848,0.43055117139723365,0.3045616429321544,0.24922768866968587,0.37780910471386153,0.5576164578100623,272,0.0
0.435724023750705,0.5743759648186256,0.5288548570228614,0.5580453473319643,0.4799720778648107,0.8097624964861164,0.5367170160233434,0.3464802130831977,0.2583442370161797,0.5930751689724814,0.457332410477966,273,0.0
4.766843390778319,5.035667903488475,7.447596466314093,6.701797575297106,8.113712385001376,0.7038300587522424,0.37654075542157606,0.34460309552521257,0.41197903507401873,0.21847644636539693,0.6134412527902277,274,0.0
2.098378422958324,2.5042071935210726,3.7573496902031644,5.1792115290945855,6.2279596370992465,0.9393887594810577,0.40001000737362996,0.13720174135173618,0.4973484751271042,0.7643699292283442,0.37400240113317657,275,1.0
1.755050460571051,1.9338096759300427,2.6374636287310973,3.689943110327434,4.927860507755597,0.8918561219057219,0.4762812261587934,0.30511837801499064,0.5378070796001403,0.5924936756624468,0.31306954587924596,276,1.0
10.391538854428056,13.163915219989175,13.164130593702993,13.901872566740803,16.082599186774576,0.7095301353873936,0.5078927819072221,0.24498622885219307,0.2557993168039596,0.5650392404846455,0.6111896704488599,277,0.0
2.321367020961303,1.558470369687542,1.026660451679274,1.5287812464185788,1.7955907185964222,0.7170531860387999,0.4696361463012142,0.34088490189987414,0.4320847906220707,0.39730967791372906,0.6103279153006943,278,0.0
3.439350319299167,5.166712528240329,3.7214367325340025,4.19223990503304,3.868575987820216,0.6330268167511606,0.5433115963873111,0.4237724485529136,0.10952611205652604,0.4011390903067186,0.7518624039456427,279,0.0
5.56609264748093,3.6783653178134226,5.886677594461791,9.873739470304859,4.492165202581804,0.6598931333076912,0.5388466415048291,0.4378901699846469,0.17794758252819542,0.6593319831095029,0.668641750044673,280,0.0
2.5352823669053994,7.511132755258547,8.55043265677109,10.09887277736358,13.024284148363812,0.8783244983513827,0.6529366808348145,0.17328736640593073,0.5379710524234558,0.538593583082703,0.42169727900368725,281,1.0
2.5635314946947,3.009332924001701,3.662284334915135,4.372706214783209,2.3562581019577538,0.7229711016802296,0.49047146528549956,0.34631352742410104,0.4750610751230936,0.43237292098279045,0.5052485526348607,282,0.0
11.592596472626656,9.933470189607382,9.529663117131244,9.214428820439576,6.672998692869605,0.6969420980496532,0.6194563431184129,0.264051120979638,0.27748998002412295,0.3729810803353269,0.49265608808925115,283,0.0
4.367907632936403,4.920675916613531,6.534044197624702,9.80472509708617,11.5653948895549,1.0173032533825705,0.5920725512893893,0.45037962272687737,0.4157629194272656,0.7798616974064546,0.4598848007436607,284,1.0
0.3480716243628629,0.4166403994182009,0.4403792374773778,0.4323122200172425,0.30645386410762127,0.784711831897964,0.7293977283293148,0.37801260058738184,0.4000662705158344,0.6893996180033419,0.579993062755957,285,0.0
0.2823393431599426,0.24466671386495584,0.3157557780807737,0.22892240064637714,0.217995988236111,0.6803672443974627,0.48727419800977256,0.30840584358369355,0.33236984420148996,0.30921377351122264,0.6249365591126608,286,0.0
4.253329675679875,5.03208619766599,5.301119215693811,5.319773280549738,5.187127378100977,0.8381783897451939,0.4579641278547012,0.33125621734577426,0.4290213811994244,0.22039034314689326,0.6978000524171559,287,0.0
1.2102317393602358,1.5530512025138044,1.9478574449252768,2.462738720375911,3.4091672881362225,1.0873020623575456,0.6257694222243733,0.24071054154460675,0.3709648915255658,0.578600886147699,0.24868612248581895,288,1.0
0.6417308238250552,0.6621242170830178,1.301774980362376,1.6869880730249944,1.675684891419692,0.6956173705077882,0.5385432571741262,0.2436743540783482,0.6211668486010926,0.6650772876668621,0.5397035385028993,289,1.0
4.624676089421147,3.923006420459663,4.877870273084284,3.3227952055375436,4.271417503853657,0.7932290085066279,0.6281659216783899,0.2760001782353443,0.1451542543231728,0.4096346250554991,0.6969381786948996,290,0.0
1.2497559727659322,1.8252691112551476,2.178547246618804,2.540950941818289,2.8013872061428158,0.83070158026685,0.57167987979895,0.1605672700764825,0.4711827853845133,0.7171793193679873,0.19455597780123549,291,1.0
1.6346104143208482,2.7089295408544483,3.584150714713961,4.839178937607979,5.647751023557124,0.9800748021323298,0.28932379086005044,0.18481466382735068,0.5412782752823926,0.970399142676315,0.6353092448910977,292,1.0
1.5940654660198565,2.6821794473816833,2.956761098432957,3.4263383546055426,4.406782536619294,1.023823794064643,0.5376321777031183,0.08603082949527922,0.5186013378199094,0.9437258566982262,0.4321376319081456,293,1.0
4.907490265094907,4.990420407997002,4.751480274612332,5.537801927532414,4.23076960297418,0.6123007405489448,0.5311215897951489,0.371827440697446,0.4060592335982367,0.5954419733600441,0.5521461699577046,294,0.0
3.605959885684895,2.9749936373986356,1.2663066427252594,3.477357410645764,2.1644521922851103,0.5147672900984239,0.5133106902463963,0.21982949573510271,0.11733399829907762,0.7771657954926013,0.6519062223604926,295,0.0
4.7441196688855225,6.6076903169880445,3.9018802336573226,5.149200738738385,7.843785644429022,0.7835434088215865,0.48677569458766173,0.19400499210152833,0.31410074796990367,0.5236147684993947,0.5022525363061264,296,0.0
0.5515462210206175,0.8251268734910593,0.927455697637237,1.0881225433195165,1.559160647370079,0.913540248248361,0.3407856472205672,0.1985645533435851,0.6199642032783947,0.8662532625268959,0.4546128353193551,297,1.0
7.0711099375593625,7.017139583589255,6.2111821526885045,4.808781116658376,8.868636541449963,0.5331561246097372,0.5874176917238323,0.2869877370310113,0.30592942270720963,0.5207155782840649,0.5206503541664689,298,0.0
2.906766022213108,2.560023080372957,2.5623769117242228,2.731615985671681,3.2196378505836356,0.9529564505462822,0.5373768428093495,0.32496344757889883,0.18576603202332975,0.496135797069068,0.80203595354706,299,0.0
10.763274340656379,12.150540038837372,10.683984523596687,10.136964479188656,11.699937676662575,0.7624419412256551,0.6101956697397424,0.24317946306035904,0.40075073948266526,0.4591594786274263,0.60601001939064,300,0.0
4.057301413184035,3.497635172827609,3.07797041128578,3.867909677352751,3.6771978277385777,0.7670100040125152,0.3461244475724747,0.26074574417690266,0.23516897298563041,0.34047144326270196,0.6649823052072824,301,0.0
8.03682260943492,12.036985857130988,18.82221214572388,23.594661893317404,26.469162935156273,1.0365817752562048,0.5507134489545269,0.26921195050884905,0.41756769879371214,0.5129832628243203,0.32139349003478607,302,1.0
4.071501060162566,3.8409227552596445,4.957815503725491,3.865128603810907,6.670105678152262,0.6419176047153498,0.4765340662453437,0.36312172004951937,0.2049864247116493,0.380401904655683,0.6816496023893358,303,0.0
0.581536332055334,0.6429963479551811,1.2632185000729814,1.5745480747683909,2.0414214048542756,0.9130454112088676,0.514378800992553,0.2589525046176678,0.48013148870510375,0.7848660549508094,0.39874199364978874,304,1.0
4.560470078249437,5.748887946633815,8.376997301064911,11.062342582418912,11.069126187022007,0.7680678086220236,0.47768403658191094,0.20339676123514822,0.518306022037287,0.7108392851460985,0.2588148291678055,305,1.0
1.3413987832240122,1.4112785043118712,2.4161102099441023,2.7283434440071157,3.3075831679771577,0.8392051552714814,0.554360792748013,0.21689226233322745,0.37308999452969205,0.5401996458821116,0.37612372801117516,306,1.0
1.3132919635618148,1.7241257747033054,2.2793381919092286,2.6344295401329005,3.2829330752707895,0.9385660000469237,0.48371268790084204,0.22304388877105033,0.3936354123270056,0.6751175425024932,0.5931111068862538,307,1.0
0.07130920510650014,0.11565561768874588,0.19335806701858388,0.18894799067477278,0.24490465112944396,0.7334715332867547,0.3948085074944311,0.13439582601910233,0.4305517124137782,0.6672995787125293,0.48589770260433074,308,1.0
2.0342834486945707,2.860086387860833,4.182927801972742,5.20746381958724,5.599109505520331,0.8363710454321918,0.5086425418786191,0.3474046600146101,0.40450113521133596,0.6906468037046829,0.3621024931093506,309,1.0
3.899879385560164,2.9949473678516885,4.425223074048585,3.9573151404220837,3.8853337801220773,0.6072066040062278,0.47858254628645,0.43315880324876993,0.303675822654943,0.4736373023389989,0.4130834238999065,310,0.0
1.245109499057935,1.5895442538901043,2.401321282140839,2.5415923911940546,3.6109683956978196,0.9142092245620344,0.4916606378871117,0.2794245591000967,0.536122159640088,0.8059387055365453,0.3167508821769368,311,1.0
4.997145236942717,6.518758630803848,10.86283454871242,13.543388019975808,16.470286623109025,0.9574701261665348,0.18121885239598567,0.1574138413598402,0.5223873810266593,0.6249922823538171,0.2593525995965538,312,1.0
0.36052457975555147,0.5924965698742568,0.675911508772244,0.8137420752760717,0.9560507254035873,0.9742152804376456,0.5682636083568705,0.253914411795015,0.5225331888747803,0.8471681782018771,0.21549919935665013,313,1.0
1.815564276694923,1.24681861259503,1.7126232779540838,2.5015309914407955,1.6732713336742169,0.7998816644778151,0.4685336382653219,0.3978369937769772,0.4670991715288611,0.5697457179502469,0.6785591130165303,314,0.0
2.1839011652638503,1.4640977382787133,2.6271363824918827,2.652942106378204,2.1692760470325707,0.837211684657237,0.3651846425981734,0.17768030982788566,0.34236835996271553,0.4480452899572818,0.6062387396380166,315,0.0
0.6769698442515311,0.5186066850492403,0.5585711681208733,0.6063491970305558,0.501557216461685,0.7607245453683406,0.5922563516848142,0.4694511761698497,0.3783964247889247,0.49971254079296024,0.779510844834394,316,0.0
2.262094015630082,3.7983216598294267,2.9710559085955333,3.0198260201417453,3.476116150323502,0.8887335898894415,0.563636572775293,0.12606123888442047,0.25853842502230273,0.5476347163692923,0.5002358101202371,317,0.0
6.479497833570093,5.995077669406432,6.560340397693409,4.997485843811083,5.770601720710629,0.7119502521264681,0.4672679803725144,0.37046058197090753,0.39440061426614914,0.23535330256307932,0.599771906524087,318,0.0
4.19225758989421,4.854311918454994,5.107782052399696,3.8940169239838855,4.185752752055248,0.6826678845749452,0.3847830620479981,0.4453282306252469,0.2537647476206678,0.5582097002472695,0.46058256482530857,319,0.0
1.1921873579389728,0.7392560372962451,0.9613379487579731,0.9850129001317182,1.1010487324376574,0.760730736336004,0.5178030734679372,0.28869365359729693,0.34114483275885904,0.2814908691103071,0.5405126638833757,320,0.0
1.8297120483978933,1.923373049067571,2.378467460593865,2.5472568545929413,2.900203981165395,0.6783588825007411,0.512310608458761,0.2849535600176927,0.16286331318176173,0.29609475450574324,0.5777890038067414,321,0.0
0.0143367708269648,0.012598554751716297,0.0140741187712874,0.013774219632486023,0.017526232452339925,0.885256472877505,0.5924334282991782,0.36676607926469235,0.31662341319881215,0.4294433751722142,0.5625346032188352,322,0.0
10.472015332401076,9.359584480870586,11.047649475495502,10.538562178432903,6.951409403245205,0.8130983473135212,0.45562644851395095,0.4851881891933872,0.20246197648306624,0.07839398114879964,0.60535406306155,323,0.0
0.44013533088200396,0.43262192368889096,0.3934916773579289,0.5329630836783811,0.3721392102076309,0.7750278144199514,0.6194922134864996,0.27189323620586336,0.39360356544839076,0.4263430462338641,0.6971609563251386,324,0.0
4.961934156608861,4.413067658186898,4.645494503475395,4.9220682599965775,3.358294276608635,0.7131419344041351,0.4459746996664233,0.22190448081340552,0.38758764619987846,0.5472671420433703,0.6866417585454554,325,0.0
22.25782031168102,31.24936063247077,14.761931554511909,21.189148549481818,26.251707008507367,0.6592522828585137,0.36541682154575783,0.25762245443920073,0.25333726124409073,0.15311142303309755,0.5230665415908701,326,0.0
4.077711187977665,4.374868392603545,2.0184920053789868,4.305862612979807,3.2598741273715492,0.770132500456776,0.38677172445227187,0.14474860077137794,0.504957492862454,0.5633513986819677,0.596964587813635,327,0.0
13.686588631468826,12.811987633203591,18.76042415936699,14.297004072182636,12.59756177988112,0.5872902548153041,0.49375884608643844,0.38977578987151557,0.2714121703806525,0.29518185722088175,0.6794096374959444,328,0.0
0.9400794628930377,1.3793298689251783,1.568428650736421,1.3250043094428878,1.2105066585207478,0.8534363533441021,0.4934485490941268,0.24859169472861403,0.13879810993274727,0.43102926707392014,0.7035736507429506,329,0.0
3.1588057327553174,5.73279450160084,7.676449819152023,9.889492272533216,9.992081440265679,0.8822363294614626,0.5327861140750776,0.17916608459344444,0.422088202963732,0.6169638239491807,0.3338843315345847,330,1.0
2.0935699533621497,2.7953386970440066,3.753652734715181,4.887981296697702,5.837339338301353,0.9305106733240728,0.49096259688815586,0.2909621131419006,0.39558589776421493,0.7859377726193568,0.47081644548002394,331,1.0
7.048131372182952,5.025976934520267,5.418184844371457,8.26825267289401,6.092864176693533,0.609039892380671,0.5977318516064329,0.2623089675590151,0.33796021017862543,0.5537421334245646,0.6331146509187701,332,0.0
0.17077227500936762,0.27532903578236473,0.3367623688630702,0.41989790896243645,0.5115615953872156,0.972298626311922,0.47389059015374235,0.2759090395388397,0.37646369733275475,0.7970515546573747,0.29340108864610703,333,1.0
0.46093753811250643,0.7209881539489551,0.8742253707914704,1.021145227984056,0.809879050331256,0.6546258387161671,0.3003723735128584,0.1961911496183713,0.24607859841937546,0.39940282757594503,0.6800157962585734,334,0.0
0.5935871443161398,0.5973913300358331,0.8405164983726389,0.683146672561573,0.7132273501156946,0.7649228790305098,0.4878903311534206,0.3958719428323998,0.331455217053677,0.32862169951098624,0.6151543208432468,335,0.0
3.2625599500340368,2.6719009776053717,6.972699536355055,6.838222740682026,8.856182325638274,0.9757393468977389,0.29932213122335183,0.23419050212654702,0.5138645894711803,0.689604695594333,0.22586093936734736,336,1.0
3.065831422044255,6.584613293774321,10.461653476121878,9.846817533665018,15.003236773056994,0.8352367886411458,0.5271390980997698,0.19114209691803316,0.49873561876582206,0.7983957197439462,0.370614643928863,337,1.0
3.2723993985278432,5.530154776819162,7.379059237532953,8.960384434287038,9.786828762511792,0.7876470879086004,0.6057192998984916,0.21308934879437955,0.5126000519044067,0.8035399598759377,0.40398575415849725,338,1.0
0.07172451968150026,0.09343308698584607,0.16233999157099835,0.2197489773083329,0.20386596230050705,1.0531899916544545,0.4013775513717481,0.07132387053472633,0.46294999024923456,0.7826239873264182,0.3394175521182406,339,1.0
4.2786690162338035,7.387835156638436,10.270109522998412,13.50643807382211,14.98903123627224,0.8807700965970917,0.6418556686391851,0.21080007439469697,0.3396247944333669,0.5076133687664433,0.5228228425498525,340,1.0
2.0477824926435955,2.6681840488398394,2.47532733349715,2.42154615285278,2.2351041667084015,0.7224848816045638,0.5842831244728431,0.2858330214643396,0.26031617792553546,0.39654663123468853,0.7264468490678105,341,0.0
1.5140660288916035,1.7318294935020067,2.329953896128317,3.3519908590797876,3.384600284721323,0.9485464524646741,0.6206480155415055,0.07405673895624362,0.5468749784315285,0.6049856553704271,0.3617509841087155,342,1.0
0.564139086537715,0.5188569036121683,0.39818985941182816,0.45075610288316575,0.5418539849793311,0.5746299870101779,0.5189563856434631,0.2328924573093456,0.28630650113905953,0.4997393529858742,0.5507774478646258,343,0.0
4.034136295249857,4.577737634185381,7.496948021536848,8.399384476036875,10.904659527988056,0.9462666136819887,0.4007234824248179,0.18707547420474818,0.5391488373130501,0.5852542369932104,0.3868765326630679,344,1.0
0.8845522946374065,0.9963777679906987,1.0803538674935966,0.9700755184485407,1.1979868312633848,0.7099126536154636,0.5780815427814138,0.23927078150521586,0.24132169704905146,0.4678080637126337,0.5799919434193319,345,0.0
1.1589070938244226,4.11796189257773,4.506155477621905,5.115687521505637,5.996024709113556,0.8356469302295608,0.437539909323166,-0.04121139050504172,0.5994336079877929,0.6576718358778205,0.3407498106198077,346,1.0
7.593504177256002,10.371157937603375,11.012953681409941,8.886578580092317,11.218716964733447,0.584346401516227,0.5117884506103355,0.4076387539608866,0.044368213252866606,0.11813557251013884,0.22912033906767082,347,0.0
0.3824121047610232,0.3659157807750918,0.6366161008326551,0.5224147239451955,0.5977003700800299,0.760588554795727,0.4828649007196381,0.28579101249103345,0.31414405129233547,0.5396438928831997,0.7754811875599614,348,0.0
3.1777055251187694,3.1243722894693913,3.557346437926255,3.2006074100413033,4.372818839137776,0.812771200819488,0.6124695856796896,0.07260497907634547,0.43488803471212784,0.39620691672040637,0.6000417963778142,349,0.0
0.5641456626234127,0.8402461567588427,1.3466094974200893,1.4884133447089236,1.7527056032109627,0.9178590517392802,0.5730327005923329,0.4134962939679395,0.6497698516041464,0.8913965943648536,0.3821689888070923,350,1.0
2.155762446155663,1.3651973849599397,2.4253860407508023,1.5138154644985184,1.1588064959399538,0.5565534658150313,0.4919434201687629,0.4241392331313189,0.27681738307575243,0.15020363819835444,0.6325169130051951,351,0.0
1.5116252738523135,2.45543199060473,3.3698456456896166,4.070231942242513,4.477727333525191,0.7942667182825269,0.3048392806459847,0.16510179489316645,0.3673801844357116,0.6562718033623756,0.391994225146591,352,1.0
2.506129613858134,2.6145142053883035,1.6644057521465898,2.1139320659168788,2.07294573173185,0.6567876290675946,0.4364772533470799,0.21575025086332988,0.43664728423433585,0.3675393368560203,0.5569684155354551,353,0.0
2.731471882225952,3.8170189717860734,5.196806433817271,6.876221408911718,7.265679569469632,1.056461974116075,0.5704222289484417,0.2403191210760522,0.4948134833194439,0.7405309436857467,0.29943540136080504,354,1.0
3.7472111556642806,4.010915890859662,4.3329070760628055,1.8657329021953115,3.1461583938917337,0.6753249337901124,0.5280110261046584,0.3202326814884141,0.2841030460730119,0.20122190437645013,0.41613872235043037,355,0.0
2.663274972146098,2.250858997978761,4.514197127031885,4.0374727996579365,4.650882423541704,0.6531431077201799,0.34967780655871383,0.35420899248003734,0.2107145359122269,0.48160567851606684,0.4645621070045606,356,0.0
3.661788552148192,5.838898961951284,6.710622281744165,10.294522881276698,10.216465884078076,0.7326515200323884,0.31934120275311106,0.11603797267449514,0.3750112519141743,0.9867493609421549,0.28833259332898525,357,1.0
5.5825217730504555,2.1760375083139607,5.180514101107867,3.931836593145599,2.489728906303706,0.6343315209889888,0.5195509150157457,0.4097772020971633,0.35638631689243544,0.4711806019698298,0.6650922158040968,358,0.0
4.7873357990409335,4.148351992203358,4.928210749758788,5.30888332005861,3.1007245567372985,0.576706364600917,0.3942942832284224,0.25265378768244506,0.36698714547586603,0.4139308602735268,0.6724623146764395,359,0.0
4.999391892976377,4.161211982866837,5.280261090593143,3.985314372794246,3.7648389159072315,0.5996820169077199,0.4039203539162423,0.36807657486555667,0.3201544001799421,0.193381388946194,0.5118200895533229,360,0.0
2.39316990719459,2.428782227997192,2.064766523312422,2.144020713088521,1.7962265481561759,0.7119950680158742,0.5672607728782654,0.22030607395429758,0.22359542184061568,0.28386308296644625,0.3336345859562605,361,0.0
0.9396743861394176,1.6829073067970275,2.0300011378347205,2.780533581516713,3.049242116920644,0.8598835794388822,0.6202238780415674,0.4648143985753487,0.39350011748908503,0.691623264876584,0.4009120719501876,362,1.0
4.10208651244063,9.308081722866612,10.720974548476633,14.100894600483576,18.665618951776086,1.0699494452671345,0.42492979729637015,0.2695523348965258,0.3567751344780107,0.6205335293735755,0.3578457784340681,363,1.0
1.795483038805964,3.5846452490861807,4.657847616288776,6.173805277975977,7.415133729331065,1.0078003372707476,0.49552396923878267,0.4884232276573647,0.44394548239220266,0.8539384639406477,0.35537375132998683,364,1.0
0.7374142296623147,1.0001942167721558,1.4672207700100075,1.9382449818526604,2.0975355527031843,0.8391116062189661,0.49257533340156395,0.2827601976326046,0.3994146435251036,0.7800554801452956,0.4955937475764364,365,1.0
3.263930682664581,3.715944630136958,3.4749515547365193,2.5256939460713674,3.6132976914642705,0.6083182158259485,0.48357958953034835,0.2438535643131316,0.12906903047089544,0.8038567881470455,0.6138652625472852,366,0.0
0.7324701608991355,1.5788247991065163,1.8451628674675509,2.513629753242316,3.085797327239326,1.0382641935664192,0.5040598476156298,0.28293807935891957,0.5651345012353048,0.5528712345363562,0.30236203514799204,367,1.0
10.112867453061867,11.183112249187593,15.418861589637466,19.498452557528367,21.01459929989753,1.066004248948348,0.5756498927840157,0.2900577818193216,0.3680936138515033,0.7049671917087599,0.279358696604095,368,1.0
0.019987544805034188,0.024327089734648536,0.03737341946190159,0.04453374499142207,0.055205091741184924,0.6805751756454467,0.4326075653270405,0.23733241444977624,0.5983922681430733,0.4924761441198563,0.3737388643015043,369,1.0
0.8771149268030511,0.9720892760978413,1.1647906811685775,1.7712351383283869,2.0368644940392864,0.9092857623971701,0.34747224654839337,0.2630392472032056,0.5394071710113464,0.3666338838114513,0.3093587237810358,370,1.0
2.7316341372390647,1.3612897198094878,3.159507588101208,2.019509408371165,2.6271918845226763,0.6748121692103273,0.669000993360376,0.37617271294076754,0.3294341187618399,0.5084081469179729,0.5927602375972383,371,0.0
5.033867770799324,4.787341491380615,2.691249227800756,2.378828528800099,4.302282809196733,0.7649120140059936,0.608942192449005,0.2006318989234258,0.46653090460600916,0.47449230744510346,0.7026142044401966,372,0.0
9.783198307085515,8.559955527434454,10.694846144644279,9.203032806891674,10.847253839594272,0.8942668124161504,0.38963621287506023,0.19351415952700474,0.1714197365935475,0.2718114348031315,0.4620217588400549,373,0.0
0.23306109231933642,0.37819727497194977,0.4188154285995814,0.6404700963662695,0.7220284951398678,0.8515942980672201,0.5135632008775953,0.12057830013855662,0.5873771996048796,0.7139544429390134,0.40877794348089685,374,1.0
9.255415742226964,6.363918958425311,10.982043502022147,8.17352106873061,9.389422863354879,0.4939301485336085,0.601070216458611,0.312754239437051,0.270235742697857,0.3056098601611683,0.691504998266939,375,0.0
0.1339124789796235,0.2222024565214281,0.2948176392788889,0.2771506084263347,0.44614195913105137,0.9579007700149262,0.5749043944526039,0.17768288285265796,0.757107015662954,0.6258688817735085,0.3913812664181891,376,1.0
12.866029011070637,10.232803936294774,7.466718354987558,10.436325314566528,11.192768182531136,0.8389964068604202,0.5462013309929284,0.20244294340770513,0.26192055688607907,0.35195730808505893,0.6721580895117653,377,0.0
0.14612538195902128,0.1968462773905356,0.258662736052502,0.3248228650723864,0.41611928867606407,0.8696240218480225,0.4829773108408256,0.2775314210519647,0.44576916638743813,0.5655152233893583,0.37127275078845373,378,1.0
0.06614817862690352,0.08520810638684531,0.1214312924036265,0.12214168619676258,0.06484057763569893,0.6294962519860339,0.6727303925061958,0.328304482013648,0.3425535774857266,0.2925025135270065,0.6170828079423637,379,0.0
4.618687086462653,5.6463838367201,7.035134897791675,3.7876634408552428,5.904040701919974,0.65627405946223,0.522085887245946,0.3168928991370854,0.279109146779136,0.2967346834083619,0.6440784932342176,380,0.0
26.69405637220574,37.31160898015865,19.600155550749648,30.036665385322237,27.169270195610437,0.7850205367131234,0.44850407406793097,0.2742010694826064,0.22415370377001306,0.4634318270129996,0.5427997561736865,381,0.0
14.68158847609457,12.702470899380451,10.016885947596014,13.282794709967357,10.463898173651389,0.6545539058715019,0.5871075728845595,0.2621771897634427,0.20297232160641626,-0.016133026397722128,0.7990676017189999,382,0.0
2.573766716558518,3.115859671917054,4.7425519637271725,5.54969617962529,7.833915859541105,0.9328760300342844,0.5096058641951421,0.11586688381910233,0.6458204488387403,0.6658556107772795,0.45775801803319216,383,1.0
6.168278038086367,9.828717246271783,11.87069350875053,15.588926266541344,15.3339206804304,0.9027802915739939,0.5349797727253622,0.2933740292537338,0.3836538368100008,0.536847718519349,0.5302985498716921,384,1.0
0.014522333442067431,0.02349596447846442,0.027624372280008733,0.029722136434968297,0.037725370358554354,0.8924620387577233,0.5203149201591207,0.12965071183468133,0.5223087560380499,0.5422670970662079,0.5071023946360768,385,1.0
9.48662458804113,22.071614027235903,14.74223407506094,18.35186817690872,17.890314989028838,0.7701292326752233,0.549677557376691,0.32093904666928164,0.4056184139626095,0.32115199388744126,0.6327289269283412,386,0.0
2.1890039538972146,2.5593263565480693,3.646995197134241,4.401967069072027,5.519778511780939,0.8521420100135805,0.4021543746600793,0.3662010396272033,0.6104494985442633,0.6978490435040262,0.5385789422359807,387,1.0
6.10993126345959,8.81620835797136,3.8684888762978247,7.517263241853405,5.304626387296411,0.6569413439817721,0.3548893612829992,0.26677422553106495,0.239834759781856,0.367838220743996,0.6187914711191917,388,0.0
3.8753246483311528,6.938065761445347,9.080671723035483,11.26887980328628,11.705153351359918,0.9797602849999754,0.6434132723233584,0.29607021407191947,0.47938151993742373,0.5403909235302693,0.32702247168256365,389,1.0
8.173959131182873,5.195811109301781,5.364841084279804,7.145870909410141,5.973944470675729,0.6013074675831347,0.5249584561789169,0.35687090160356727,0.25998064989856273,0.5082544777668365,0.6014819231562963,390,0.0
4.06504953769518,2.1774662871334853,4.046719124351327,3.995799322351065,3.4385362783553624,0.6119779809177672,0.577084727740858,0.33114675632610535,0.14649812373341248,0.2646094019709264,0.49938330875848685,391,0.0
0.9471896624558047,2.359033449994518,3.2251337906065887,3.9276601577047794,4.261436487824527,0.7739685708656405,0.32402407798223737,0.24303484419047527,0.5537517383020115,0.5897940616110823,0.18982956718901972,392,1.0
12.027221763856838,7.953676295071858,8.713559030218812,4.724500910742512,12.02744306159232,0.7849010913276553,0.6066683108714503,0.29050934307290693,0.30385036456348086,0.44267376788417756,0.5147457756940974,393,0.0
0.5202377150797032,0.871964370302374,1.2761642791194678,1.3568325208638592,1.8318679973180034,0.8894763031918731,0.44785143546442324,0.20347759687934402,0.6440585080601879,0.7480552846439112,0.40728815329708745,394,1.0
5.057214938650421,13.855079691577231,19.914868108317933,20.51261311144618,27.73925717269836,0.7686384853920932,0.41937818331909554,0.14518860517742752,0.41767949026985773,0.6082450508300532,0.5061924785488081,395,1.0
4.241009972657263,4.496215362991904,5.99635684888455,7.1998110642897775,8.992401881901207,0.9853808562309068,0.49366268323680135,0.20414571211340887,0.6088696558617696,0.2595756954851265,0.31444807954236453,396,1.0
0.4655985425029368,0.7344393236235355,1.24602385274631,1.3029061597324691,1.6977196074109726,0.8444457838424564,0.4022019789457475,0.14147740042165027,0.6159234150284205,0.5671763670118227,0.5010162453527154,397,1.0
6.714669921593572,8.660289497899052,5.993136677564396,7.1716869408932,7.7180071236727645,0.6128321921163115,0.4998268301774393,0.4005655093076597,0.30470716868078873,0.42428322793603845,0.4789317014193123,398,0.0
4.897698939311629,3.3826720622536444,3.3070988414759537,2.9721039981325754,5.461106995189937,0.6804321441123048,0.48636616529855137,0.13005025713215557,0.08291384291663306,0.5032912080535046,0.508047753386055,399,0.0
3.9212417388524496,4.580461652194693,7.328100740820483,7.614738917388715,9.657683584112538,1.047872360946789,0.6060395905233883,0.24810532911254823,0.44874323425557094,0.688105501370733,0.5449156603396451,400,1.0
